"objectid","ein","taxperiod","dln","formtype","url","organizationname","submittedon","lastupdated"
"201920549349300407","132620896","201806","93493054004079","990","https://s3.amazonaws.com/irs-form-990/201920549349300407_public.xml","JEWISH ASSOCIATION FOR SERVICES FOR THE AGED","2019-05-15","2019-06-19T01:50:03"
"201920549349300207","520610542","201806","93493054002079","990","https://s3.amazonaws.com/irs-form-990/201920549349300207_public.xml","SILVER SPRING NURSERY SCHOOL INC","2019-05-15","2019-06-19T01:50:03"
"201920549349300112","251196748","201806","93493054001129","990","https://s3.amazonaws.com/irs-form-990/201920549349300112_public.xml","ERIE ART MUSEUM","2019-05-15","2019-06-19T01:50:03"
"201920549349300017","990305469","201806","93493054000179","990","https://s3.amazonaws.com/irs-form-990/201920549349300017_public.xml","PTA HANALEI HAWAII CONGRESS","2019-05-15","2019-06-19T01:50:03"
"201920549349300002","251453441","201806","93493054000029","990","https://s3.amazonaws.com/irs-form-990/201920549349300002_public.xml","PRIVATE INDUSTRY COUNCIL INC","2019-05-15","2019-06-19T01:50:03"
"201930819349301013","530242992","201806","93493081010139","990","https://s3.amazonaws.com/irs-form-990/201930819349301013_public.xml","GREATER WASHINGTON EDUCATIONAL TELECOMMUNICATIONS ASSOCIATION INC","2019-05-15","2019-06-19T01:50:03"
"201930819349300903","200027153","201806","93493081009039","990","https://s3.amazonaws.com/irs-form-990/201930819349300903_public.xml","PERSEUS HOUSE CHARTER SCHOOL OF EXCELLENCE","2019-05-15","2019-06-19T01:50:03"
"201930819349300823","522279100","201807","93493081008239","990","https://s3.amazonaws.com/irs-form-990/201930819349300823_public.xml","ALLEY CAT RESCUE INC","2019-05-15","2019-06-19T01:50:03"
"201930819349300708","381358014","201806","93493081007089","990","https://s3.amazonaws.com/irs-form-990/201930819349300708_public.xml","KALAMAZOO COLLEGE","2019-05-15","2019-06-19T01:50:03"
"201930819349300703","812997297","201806","93493081007039","990","https://s3.amazonaws.com/irs-form-990/201930819349300703_public.xml","WHIN MUSIC COMMUNITY CHARTER SCHOOL","2019-05-15","2019-06-19T01:50:03"
